"Player","Total Count","Wins","Losses","Winrate","As Radiant","As Dire","Kills","Deaths","Assists","KDA","Avg. KAL","GPM","XPM","Last Hits","Denies","LVL","HD","TD","HH","GS"
"Ame","2510","1544","966","61,51%","1364","1146","6,93","3,20","8,54","7,89","4,83","652","697","376","13","22","23483","7085","289","22942"
"Ace","2484","1349","1135","54,31%","1340","1144","5,52","4,03","10,04","6,86","3,86","548","609","288","12","20","19500","3825","1124","19367"
"Noone","2423","1488","935","61,41%","1287","1136","7,52","3,53","10,60","8,56","5,13","571","641","291","14","21","23713","3333","312","19360"
"Xxs","2383","1333","1050","55,94%","1198","1185","4,33","3,78","11,22","6,83","4,12","466","556","233","7","20","15308","1782","821","16440"
"S4","2257","1401","856","62,07%","1101","1156","5,23","4,73","11,13","6,03","3,46","427","489","168","10","18","15784","1871","923","13497"
"33","2169","1263","906","58,23%","1080","1089","5,10","4,15","11,72","6,96","4,06","514","602","249","7","21","17321","3072","1322","18192"
"Nisha","2166","1323","843","61,08%","1071","1095","7,44","3,62","11,12","8,89","5,13","590","683","325","13","22","27581","4391","268","21055"
"Resolut1on","2160","1285","875","59,49%","1076","1084","7,06","3,56","9,76","8,00","4,73","540","562","256","13","20","18277","3554","728","18535"
"Arteezy","2103","1328","775","63,15%","1079","1024","7,18","3,46","8,50","7,42","4,53","611","614","312","13","21","21092","5474","376","21013"
"Somnus丶M","2072","1259","813","60,76%","1080","992","8,30","3,64","9,07","7,76","4,77","563","602","279","12","21","22434","3059","163","19143"
"SumaiL","2050","1158","892","56,49%","984","1066","7,82","3,90","9,72","7,70","4,50","574","628","301","14","21","24666","2850","403","20032"
"Monet","2014","1125","889","55,86%","880","1134","6,98","2,94","8,76","8,41","5,36","614","643","343","16","21","22766","6118","317","21432"
"MiCKe","2002","1110","892","55,44%","862","1140","7,93","3,69","9,57","8,27","4,74","640","725","383","13","23","26873","6164","352","22846"
"skiter","1930","1126","804","58,34%","907","1023","7,10","3,17","9,46","9,06","5,22","636","700","380","14","22","24251","7080","410","22878"
"Quinn","1925","1141","784","59,27%","998","927","7,10","3,85","10,03","8,16","4,45","555","626","282","12","21","24258","3261","134","18210"
"Faith bian","1876","1106","770","58,96%","981","895","4,55","4,17","11,58","6,64","3,86","461","542","214","11","20","15883","2314","862","15078"
"EternaLEnVy","1875","1047","828","55,84%","861","1014","6,12","3,71","8,85","6,66","4,04","539","549","280","12","20","18496","3675","267","19054"
"Dendi","1834","922","912","50,27%","976","858","6,40","3,85","9,16","6,64","4,04","480","532","220","18","19","18788","1866","249","16799"
"Abed","1823","1038","785","56,94%","916","907","7,39","3,09","9,94","9,20","5,61","572","647","303","10","22","23526","2273","162","21571"
"Eurus","1814","1035","779","57,06%","926","888","7,61","3,26","9,17","8,27","5,14","592","615","310","14","21","21540","4076","355","20187"
"Qojqva","1760","922","838","52,39%","786","974","6,35","3,48","8,57","6,98","4,29","530","557","268","9","20","19610","4356","99","19012"
"Kpii","1740","1010","730","58,05%","818","922","3,74","4,46","11,83","5,92","3,49","421","481","182","8","19","12968","1336","1049","13782"
"MinD ContRoL","1726","1029","697","59,62%","852","874","4,54","4,90","12,37","5,87","3,45","433","487","182","9","19","15155","1982","1227","14166"
"ELeVeN","1723","999","724","57,98%","827","896","4,56","5,35","11,47","4,77","3,00","449","519","200","11","19","14885","1792","778","14405"
"Fata","1717","1018","699","59,29%","899","818","6,40","4,10","9,86","6,24","3,97","488","518","223","11","19","18280","2169","469","17714"
"Iceiceice","1713","1070","643","62,46%","843","870","4,47","4,60","11,26","5,77","3,42","450","495","199","9","19","15684","1986","1407","15807"
"RAMZES666","1708","1014","694","59,37%","790","918","6,91","3,56","9,79","8,03","4,69","611","629","323","14","21","19836","5072","640","20792"
"Limmp","1685","877","808","52,05%","749","936","6,73","3,68","10,18","7,90","4,60","507","552","246","12","20","20830","2988","344","17188"
"Ori","1678","997","681","59,42%","770","908","7,32","3,63","10,24","8,00","4,84","545","622","288","12","22","24151","3183","311","18371"
"Wisper","1640","890","750","54,27%","912","728","6,17","4,60","12,07","7,00","3,96","517","627","255","9","21","21193","2206","1197","18409"
"MidOne","1636","1012","624","61,86%","831","805","7,85","4,40","10,67","7,41","4,21","567","618","277","14","21","24035","4024","525","18694"
"Sylar","1612","907","705","56,27%","711","901","6,40","3,38","8,23","6,87","4,32","559","558","279","11","20","17205","4454","354","18466"
"Yang","1602","911","691","56,87%","820","782","3,95","4,70","11,81","5,59","3,35","436","509","191","7","19","13250","1414","1137","14159"
"MATUMBAMAN","1591","1003","588","63,04%","797","794","7,56","3,73","9,53","7,69","4,58","560","581","276","11","21","20708","5596","637","18937"
"Miracle-","1591","963","628","60,53%","766","825","8,96","3,98","8,31","7,58","4,33","616","631","309","17","21","23307","5012","235","20700"
"NothingToSay","1576","929","647","58,95%","739","837","6,33","3,70","10,45","7,46","4,53","567","679","309","11","22","25099","2217","361","19540"
"Raven","1560","850","710","54,49%","779","781","7,42","2,91","9,44","9,26","5,79","595","603","330","11","21","21931","5898","408","21602"
"Timado","1549","816","733","52,68%","774","775","7,13","3,36","8,28","7,94","4,59","648","696","367","11","22","24804","6625","322","23029"
"SabeRLight-","1526","827","699","54,19%","718","808","4,88","5,39","13,19","5,87","3,35","494","605","241","9","20","19210","2675","1226","16538"
"Moo","1506","835","671","55,44%","761","745","5,75","4,11","11,04","7,08","4,08","484","524","224","10","20","17556","2627","930","16777"
"Gpk","1444","843","601","58,38%","758","686","7,39","3,02","10,66","9,86","5,98","592","715","347","13","22","27061","2866","238","21746"
"Flyfly","1434","721","713","50,28%","660","774","6,53","3,99","8,37","6,28","3,73","586","637","318","14","21","21466","5188","285","20072"
"Zai","1406","940","466","66,86%","699","707","4,67","4,61","12,48","6,36","3,72","455","527","196","8","19","17679","2471","1471","15440"
"Armel","1390","758","632","54,53%","706","684","7,99","3,87","9,82","7,83","4,60","586","649","321","12","22","24525","3429","290","21359"
"G","1385","669","716","48,30%","673","712","7,77","4,36","8,35","6,24","3,70","521","537","243","13","19","18842","2940","370","18666"
"Nightfall","1382","832","550","60,20%","698","684","7,42","2,48","9,08","10,23","6,64","680","760","408","11","23","23991","6834","399","26140"
"Universe","1378","815","563","59,14%","729","649","4,64","3,32","10,81","7,31","4,65","404","445","158","5","18","12526","1418","867","13664"
"Illidan","1377","703","674","51,05%","689","688","7,15","4,59","8,92","5,86","3,50","520","516","241","16","19","17764","3498","249","16926"
"9pasha","1377","802","575","58,24%","697","680","4,82","4,16","10,87","6,12","3,78","447","496","193","9","19","12909","1522","1073","14848"
"AfterLife","1374","721","653","52,47%","703","671","4,29","4,41","11,11","5,93","3,49","425","496","178","8","19","13780","1509","1137","14282"
"Kōtarō","1371","677","694","49,38%","711","660","7,42","3,85","7,59","6,94","3,90","629","662","329","10","21","22711","6417","293","21156"
"Super","1360","812","548","59,71%","649","711","6,35","4,02","10,06","6,63","4,08","494","509","213","11","19","16674","2730","268","17169"
"Kuku","1357","775","582","57,11%","634","723","5,86","5,06","11,30","5,76","3,39","494","547","245","12","21","18354","2090","1025","17525"
"Funn1k","1356","705","651","51,99%","731","625","4,85","4,66","9,98","5,27","3,18","419","477","162","7","18","14475","1355","878","13388"
"Sccc","1354","737","617","54,43%","642","712","7,80","3,51","8,98","7,50","4,78","597","592","323","15","21","21492","4068","276","20435"
"BzzIsPerfect","1347","640","707","47,51%","631","716","5,76","4,88","10,22","5,55","3,28","460","488","194","14","18","16770","1698","1098","14896"
"Era","1346","711","635","52,82%","610","736","7,42","3,46","8,46","7,50","4,58","518","513","231","16","19","15721","2991","177","19299"
"Yatoro","1336","832","504","62,28%","652","684","7,81","3,27","8,44","8,31","4,97","715","799","455","11","24","27950","8944","324","27606"
"Loda","1333","771","562","57,84%","651","682","6,27","3,41","8,74","7,24","4,40","535","519","241","16","19","14204","3054","290","18646"
"DM","1318","799","519","60,62%","727","591","4,10","3,53","12,82","7,97","4,80","512","614","264","11","21","17598","2536","1456","17576"
"Collapse","1316","829","487","62,99%","641","675","5,47","4,34","12,33","6,87","4,10","529","661","277","10","22","19087","1936","841","19595"
"Xm","1313","727","586","55,37%","750","563","6,77","3,61","9,87","7,67","4,61","567","673","323","13","22","26284","2887","265","20003"
"Moon","1311","719","592","54,84%","613","698","7,73","4,40","9,80","6,54","3,99","556","614","276","14","21","23734","3034","398","18779"
"JT-","1303","675","628","51,80%","550","753","4,79","4,20","10,69","6,22","3,68","495","589","251","9","21","16518","2135","731","16996"
"Mikoto","1299","700","599","53,89%","616","683","7,55","3,26","10,28","8,93","5,47","571","689","315","12","22","27238","2887","163","20602"
"Moogy","1279","647","632","50,59%","602","677","6,66","3,46","8,79","7,14","4,46","516","527","248","14","19","16719","3465","473","17899"
"Emo","1279","643","636","50,27%","602","677","7,56","3,54","9,58","8,18","4,84","570","677","305","11","22","25941","2773","213","19297"
"ATF","1250","782","468","62,56%","516","734","6,26","4,08","11,24","7,42","4,29","570","714","321","11","22","23393","2161","322","21685"
"W33","1250","667","583","53,36%","592","658","7,45","4,88","9,06","5,70","3,38","511","558","229","11","20","20481","2511","369","16581"
"Meracle","1245","631","614","50,68%","642","603","6,98","4,22","8,95","6,59","3,78","550","574","282","10","20","19711","3904","546","19011"
"Fbz","1243","658","585","52,94%","696","547","4,34","4,05","12,46","7,30","4,15","492","604","253","10","21","18193","2417","969","17495"
"Chalice","1243","754","489","60,66%","595","648","5,19","4,65","11,68","5,97","3,63","470","539","212","11","20","18070","2774","912","15099"
"TA2000","1238","664","574","53,63%","609","629","7,34","2,84","8,73","9,21","5,66","677","731","403","19","23","24834","7342","462","24283"
"Gabbi","1218","666","552","54,68%","613","605","7,62","3,49","9,44","8,32","4,88","616","654","343","14","22","23685","5368","279","22929"
"Mag~","1217","710","507","58,34%","560","657","4,66","3,99","10,34","5,77","3,76","407","446","153","5","17","10157","1056","589","13968"
"BOOM","1208","641","567","53,06%","643","565","6,11","4,11","11,40","7,45","4,26","541","648","284","10","21","22214","2933","696","18595"
"Silent","1207","710","497","58,82%","563","644","7,19","4,12","9,35","6,55","4,02","551","554","250","19","19","18093","3503","300","18871"
"Darkmago","1201","690","511","57,45%","675","526","7,28","4,48","11,94","7,52","4,29","580","720","305","8","22","27435","2315","131","20396"
"No!ob","1199","627","572","52,29%","602","597","6,28","3,97","11,31","7,94","4,43","551","675","296","10","22","23105","2433","461","19219"
"bzm","1198","687","511","57,35%","554","644","7,74","4,09","11,15","8,46","4,62","601","720","330","12","22","29005","3267","257","21939"
"Crystallis","1189","632","557","53,15%","647","542","7,04","3,43","8,65","7,84","4,57","635","725","372","11","22","25293","6556","490","22106"
"Chshrct","1178","543","635","46,10%","582","596","4,53","4,79","10,07","4,64","3,05","425","477","174","6","18","12756","1251","803","13848"
"SkyLark","1173","559","614","47,66%","678","495","4,16","5,43","11,74","4,77","2,93","425","490","186","10","19","14265","2477","1133","14234"
"Mushi","1172","714","458","60,92%","551","621","6,62","3,79","9,09","7,04","4,15","537","544","261","16","20","17274","3475","438","19269"
"Larl","1159","701","458","60,48%","565","594","7,34","3,75","11,41","8,41","5,00","582","705","332","11","22","26974","2330","416","21478"
"23savage","1151","648","503","56,30%","497","654","6,97","3,65","8,99","7,38","4,37","682","739","426","11","23","27485","7871","339","26007"
"Yopaj","1150","635","515","55,22%","700","450","8,65","3,68","10,91","9,22","5,31","559","682","283","9","22","27167","2306","154","20103"
"YawaR","1138","694","444","60,98%","606","532","7,07","3,04","9,22","8,84","5,36","576","602","299","14","21","19953","4505","440","18944"
"Yuma","1130","623","507","55,13%","616","514","8,27","3,32","9,25","8,86","5,28","678","783","409","10","23","27239","7883","277","25670"
"Jabz","1126","598","528","53,11%","542","584","5,22","4,29","11,60","6,65","3,92","520","605","275","6","21","19543","2112","835","19361"
"Brax","1115","593","522","53,18%","541","574","4,70","4,42","11,11","5,80","3,58","422","479","174","9","18","14778","2043","1131","13032"
"LeoStyle-","1114","568","546","50,99%","581","533","7,63","3,90","9,49","7,57","4,39","521","602","246","12","21","21979","2449","372","17321"
"MieRo'","1108","628","480","56,68%","526","582","4,44","4,15","12,82","7,35","4,15","526","635","278","8","21","18018","2510","1447","20578"
"Gunnar","1092","589","503","53,94%","548","544","6,62","4,59","11,06","6,85","3,85","529","619","267","9","21","23556","3116","518","18183"
"K1","1087","578","509","53,17%","537","550","6,36","3,80","7,86","6,38","3,74","701","740","413","9","22","24230","8686","649","24705"
"Bryle","1087","592","495","54,46%","568","519","8,06","3,74","9,96","8,21","4,81","558","629","279","11","21","24127","2876","428","18890"
"Pure","1083","669","414","61,77%","480","603","7,44","3,67","9,76","8,12","4,68","710","824","436","11","24","26436","6801","447","27327"
"Sneyking","1063","589","474","55,41%","559","504","4,96","4,52","10,67","5,85","3,46","463","508","198","12","19","15196","1999","1292","14349"
"Pajkatt","1059","579","480","54,67%","517","542","7,29","3,47","8,46","7,43","4,53","528","534","246","13","20","18340","3929","361","18901"
"Malr1ne","1048","658","390","62,79%","461","587","7,59","3,63","11,66","8,94","5,30","591","734","336","8","23","28796","3265","74","22111"
"DyrachYO","1041","610","431","58,60%","507","534","6,49","4,15","8,53","6,32","3,62","650","709","356","15","22","24322","6413","456","21898"
"Dream`","1038","514","524","49,52%","529","509","7,30","3,53","8,29","7,43","4,42","645","693","380","17","22","25411","6661","571","23172"
"Fn","1035","543","492","52,46%","515","520","7,97","3,35","9,02","7,80","5,07","572","603","309","13","21","20029","2858","203","20525"
"Watson","1033","569","464","55,08%","530","503","8,08","3,07","8,33","8,95","5,34","681","762","408","16","23","26812","7574","256","23732"
"Ohaiyo","1031","608","423","58,97%","486","545","4,59","4,38","11,63","6,10","3,70","426","456","170","6","18","12469","1284","760","14406"
"Costabile","1030","510","520","49,51%","511","519","7,02","3,58","8,49","7,42","4,33","644","658","369","13","22","23056","6713","528","22692"
"Flyby","1030","528","502","51,26%","533","497","4,05","4,30","10,48","5,64","3,38","460","513","220","10","19","15429","2308","1209","14842"
"4DR","1024","493","531","48,14%","523","501","6,77","3,73","9,05","6,78","4,24","512","556","251","11","20","21376","2477","247","17258"
"Pakazs","1019","559","460","54,86%","543","476","8,69","3,42","8,36","8,61","4,98","702","771","393","13","23","26770","7804","247","24561"
"Black^","1011","581","430","57,47%","490","521","6,64","3,23","7,44","7,03","4,36","547","548","257","17","19","16596","4103","265","19509"
"Natsumi-","1011","531","480","52,52%","505","506","7,24","3,07","8,91","8,46","5,26","666","741","407","11","23","27636","8070","283","24075"
"BurNIng","1010","633","377","62,67%","511","499","6,40","3,14","8,45","7,55","4,73","550","534","269","17","20","14612","4282","477","18480"
"Trixi","991","496","495","50,05%","487","504","4,32","4,72","8,91","4,23","2,80","407","436","163","8","17","11087","778","369","12853"
"Ferrari 430","987","575","412","58,26%","503","484","6,21","3,27","8,70","7,25","4,56","487","504","220","13","18","14686","1730","334","17849"
"Ryoya","982","471","511","47,96%","546","436","7,17","4,38","8,53","5,89","3,59","519","571","262","12","21","20455","2674","263","17010"
"XBOCT","973","565","408","58,07%","478","495","6,31","4,20","8,29","5,64","3,48","530","527","223","16","18","10940","2051","253","16353"
"Lorenof","971","519","452","53,45%","462","509","7,62","2,78","9,69","9,93","6,22","616","750","365","9","23","26658","3441","434","22880"
"4nalog","966","477","489","49,38%","502","464","6,64","3,95","11,17","7,93","4,51","547","675","293","8","22","25534","2720","511","19983"
"Sacred","961","514","447","53,49%","507","454","5,09","5,11","13,06","6,19","3,55","469","572","211","9","20","18772","1944","1728","15132"
"Daxak","950","505","445","53,16%","444","506","5,84","2,99","9,60","8,92","5,17","590","621","321","16","21","21104","5282","566","20271"
"HFn","948","494","454","52,11%","478","470","7,77","3,80","8,47","7,19","4,27","651","647","349","15","21","22264","6129","345","21712"
"END","942","504","438","53,50%","415","527","7,07","3,20","8,45","7,64","4,85","550","538","262","12","19","14972","3738","306","18494"
"Old chicken","937","501","436","53,47%","492","445","6,45","4,11","9,29","6,54","3,83","491","505","210","12","19","15788","2701","288","15704"
"ROtK","935","534","401","57,11%","411","524","3,06","5,19","10,63","4,12","2,64","377","401","145","6","16","8488","526","951","12074"
"Shade","929","503","426","54,14%","456","473","6,90","3,74","8,71","6,91","4,17","559","623","287","19","21","21335","2340","186","18273"
"June","928","464","464","50,00%","478","450","4,27","4,64","10,27","5,18","3,13","412","447","174","8","18","13097","1413","597","14528"
"Iceberg","926","475","451","51,30%","464","462","8,06","4,48","8,96","6,11","3,79","554","580","270","18","21","21468","2503","174","17809"
"Forev","925","485","440","52,43%","449","476","4,91","4,73","11,65","5,54","3,50","427","472","172","7","18","15393","1622","883","13522"
"Kiritych~","922","484","438","52,49%","474","448","7,13","3,34","8,39","7,91","4,65","686","759","434","13","23","26313","8692","399","26257"
"KheZu","920","479","441","52,07%","503","417","3,62","4,21","11,75","6,06","3,65","408","458","187","8","19","13034","1563","1053","14043"
"KYxY","917","514","403","56,05%","428","489","5,38","3,95","10,05","6,50","3,90","488","511","229","14","19","14385","2352","1575","15871"
"Smiling Knight","913","476","437","52,14%","459","454","7,07","3,12","8,27","8,68","4,92","668","735","406","13","23","25484","8174","248","23930"
"AdmiralBulldog","911","561","350","61,58%","456","455","4,66","3,78","9,62","6,01","3,77","447","455","172","8","17","8801","1718","281","15130"
"Palos","911","455","456","49,95%","548","363","7,08","4,33","8,55","6,32","3,61","658","744","379","15","23","26535","7474","236","22720"
"Shiro","910","490","420","53,85%","492","418","6,88","3,03","7,78","7,69","4,85","697","749","433","9","23","24938","8090","202","25294"
"Hao","909","584","325","64,25%","446","463","7,05","3,37","8,27","7,27","4,54","561","543","262","19","19","12025","2960","165","19237"
"Chris Luck","906","478","428","52,76%","469","437","7,11","4,93","9,32","5,52","3,33","544","636","270","12","21","23609","3108","144","17201"
"MSS","900","498","402","55,33%","441","459","5,28","3,72","10,12","6,74","4,14","414","438","162","8","18","12611","1197","703","13776"
"GeneRaL","896","474","422","52,90%","572","324","4,86","4,66","11,43","5,86","3,49","418","480","181","10","19","15099","1521","561","13771"
"BuLba","894","517","377","57,83%","434","460","4,24","3,46","9,95","6,47","4,10","388","420","139","6","16","9076","1029","811","12174"
"TC","892","507","385","56,84%","407","485","5,81","3,13","8,26","6,98","4,49","512","522","229","18","18","11578","2616","156","17895"
"Nine","890","481","409","54,04%","421","469","7,35","4,37","10,48","7,29","4,08","536","619","271","9","21","25561","2145","329","17756"
"Davai Lama","883","486","397","55,04%","468","415","5,45","5,07","12,05","6,06","3,45","518","634","266","7","21","21270","2216","1014","19182"
"Shachlo","875","387","488","44,23%","446","429","4,28","4,62","9,82","5,02","3,05","419","471","178","6","18","12266","1542","829","12676"
"Mac","873","456","417","52,23%","378","495","7,27","4,06","11,00","7,75","4,49","572","682","321","8","22","26787","2860","550","20325"
"MP","873","499","374","57,16%","430","443","7,20","3,90","9,65","6,90","4,32","510","519","227","12","19","16963","3214","613","16857"
"Noticed","865","485","380","56,07%","459","406","4,59","3,98","12,14","7,18","4,20","538","659","296","11","21","18495","2297","1078","19601"
"Chessie","863","425","438","49,25%","391","472","6,47","4,09","9,39","6,90","3,88","508","539","238","12","20","17771","3062","320","16448"
"Agressif","860","489","371","56,86%","341","519","7,13","3,66","9,90","7,50","4,65","528","534","264","16","20","16330","3201","375","19142"
"V-Tune","854","433","421","50,70%","479","375","7,59","2,64","7,95","9,34","5,90","635","698","355","13","22","24125","6873","233","22169"
"Ghostik","851","397","454","46,65%","441","410","4,25","4,81","11,21","5,02","3,22","407","463","176","7","19","14418","1469","787","13388"
"Topson","849","488","361","57,48%","385","464","7,52","5,25","10,83","5,66","3,49","531","622","255","11","21","29044","3198","433","17685"
"Tavo","848","409","439","48,23%","434","414","4,34","5,09","11,22","4,97","3,06","423","481","174","8","19","15178","1674","1174","13223"
"Tino","847","398","449","46,99%","465","382","4,81","4,78","10,77","5,47","3,26","543","615","281","11","21","19611","3845","1224","18731"
"Supream^","846","391","455","46,22%","349","497","7,24","4,54","9,74","6,29","3,74","533","620","274","7","21","25412","3085","236","17495"
"Stormstormer","843","448","395","53,14%","454","389","6,75","3,99","11,15","8,06","4,49","581","688","323","13","22","26186","3678","189","19166"
"Madara","840","385","455","45,83%","472","368","7,29","4,24","9,46","6,97","3,95","560","563","294","11","20","19563","4206","604","19560"
"Mu","840","509","331","60,60%","424","416","6,32","3,69","9,05","6,84","4,17","479","490","199","14","18","11870","1953","207","17263"
"JaCkky","838","455","383","54,30%","423","415","7,10","3,05","8,59","8,66","5,14","680","722","425","19","23","26583","9182","298","24416"
"Vitaly","835","391","444","46,83%","361","474","4,65","4,79","13,04","6,29","3,69","492","599","250","8","20","18792","2400","1313","17764"
"kiyotaka","823","448","375","54,43%","337","486","8,70","4,29","9,30","7,21","4,20","606","723","335","9","22","29581","2488","130","21110"
"Sam H","818","455","363","55,62%","411","407","3,72","4,94","12,26","5,08","3,24","393","436","150","6","18","12100","1105","725","12926"
"Fear","817","503","314","61,57%","444","373","6,28","3,20","7,94","7,12","4,44","521","540","230","14","19","15013","3695","250","16789"
"ChYuan","811","390","421","48,09%","405","406","6,17","3,80","10,83","7,43","4,47","526","615","288","10","22","24456","2699","261","18678"
"Shad","811","403","408","49,69%","440","371","6,92","3,24","9,02","8,54","4,92","633","690","382","12","22","25528","5919","431","22815"
"Inflame","810","434","376","53,58%","429","381","5,77","4,88","9,91","5,24","3,21","456","489","199","11","19","14925","1209","480","14837"
"N0tail","805","499","306","61,99%","382","423","5,61","4,52","10,20","6,09","3,50","493","490","227","11","19","16502","3112","402","17093"
"Sedoy","805","405","400","50,31%","397","408","5,09","4,47","9,56","5,27","3,27","441","464","181","6","18","14355","2668","476","16261"
"Force","803","401","402","49,94%","383","420","4,43","4,66","12,09","5,97","3,55","473","576","230","9","20","18376","1647","1313","16736"
"Luo","803","436","367","54,30%","391","412","4,18","4,13","9,05","5,31","3,21","418","431","170","9","17","8783","813","420","12115"
"Palantimos","797","335","462","42,03%","349","448","6,09","3,52","8,61","7,26","4,17","566","597","316","13","21","20282","4546","478","19170"
"Yao","787","452","335","57,43%","371","416","3,71","4,00","10,57","5,76","3,57","380","402","137","7","16","8243","702","509","11280"
"InYourdreaM","786","401","385","51,02%","404","382","8,28","3,55","9,96","8,62","5,14","592","663","336","13","22","27200","5031","489","21482"
"Leslão","781","466","315","59,67%","407","374","4,78","3,98","12,92","7,70","4,44","454","530","207","9","20","16956","2051","1204","14395"
"Tobi","775","417","358","53,81%","412","363","4,01","4,50","12,46","6,42","3,66","447","544","219","11","20","17762","2493","1691","15169"
"InJuly","774","407","367","52,58%","393","381","3,38","4,49","12,05","5,66","3,44","387","414","152","3","17","10135","835","877","12456"
"Oscar","768","406","362","52,86%","389","379","4,62","4,88","12,94","5,97","3,60","456","570","205","10","20","17439","2053","1278","15184"
"Scandal","768","418","350","54,43%","369","399","5,68","3,76","8,91","6,30","3,88","441","475","166","12","17","13159","1445","56","16523"
"MoonMeander","766","445","321","58,09%","383","383","4,63","4,87","10,98","5,27","3,21","426","459","180","6","18","13320","1252","685","13885"
"Ceb","762","419","343","54,99%","363","399","4,55","4,98","11,81","5,63","3,28","461","522","212","9","19","17095","2062","1570","15129"
"Afoninje","756","404","352","53,44%","417","339","6,85","4,22","9,87","6,62","3,96","516","549","252","15","20","19826","2784","372","18136"
"TORONTOTOKYO","753","443","310","58,83%","330","423","5,77","3,35","10,81","8,62","4,96","551","679","310","10","23","21130","2258","471","19486"
"DkPhobos","748","399","349","53,34%","373","375","5,02","4,00","10,93","6,41","3,99","409","458","176","8","18","12215","933","734","13419"
"ILTW","745","395","350","53,02%","390","355","6,95","3,69","9,43","7,51","4,44","572","597","296","14","21","22620","4700","531","19173"
"QO","745","381","364","51,14%","334","411","7,79","5,50","9,26","5,41","3,10","547","546","228","10","19","16863","2558","265","17319"
"Ws`","745","431","314","57,85%","349","396","5,86","4,12","11,97","7,75","4,33","552","686","291","9","21","19380","2273","1110","20715"
"Xibbe","738","368","370","49,86%","372","366","4,17","4,61","12,52","6,40","3,62","466","555","225","11","20","17339","1597","1670","15710"
"Malik","725","369","356","50,90%","347","378","4,63","4,56","12,10","6,43","3,67","511","626","264","11","21","18671","2043","1197","18199"
"Karl","716","361","355","50,42%","331","385","7,66","3,98","9,25","6,96","4,25","588","661","328","17","23","24936","2660","156","21542"
"Bob","715","336","379","46,99%","416","299","7,68","4,79","9,47","6,06","3,58","546","660","278","13","21","25566","2167","110","18773"
"ThuG","711","327","384","45,99%","424","287","6,91","4,21","9,21","6,31","3,83","523","565","254","10","20","18981","2696","234","17288"
"Satanic","711","438","273","61,60%","381","330","8,20","2,99","7,55","8,69","5,26","766","870","506","13","24","29345","10650","309","29063"
"Papita","710","327","383","46,06%","323","387","5,57","4,57","10,29","5,82","3,47","449","519","194","10","19","16044","1924","708","14094"
"squad1x","709","361","348","50,92%","386","323","7,85","3,32","10,20","9,18","5,43","585","720","341","10","22","28988","2382","327","21583"
"SingSing","709","382","327","53,88%","335","374","5,99","3,83","8,88","6,47","3,88","459","489","199","13","18","12280","2023","93","16656"
"Yuragi","700","373","327","53,29%","368","332","7,12","3,19","9,29","8,50","5,14","667","722","389","10","22","25767","7459","143","23436"
"Yoky-","695","335","360","48,20%","326","369","5,89","4,27","9,94","6,07","3,71","462","479","201","8","18","12152","1403","416","15712"
"Monkeys-forever","695","346","349","49,78%","342","353","4,90","5,37","10,40","4,68","2,85","443","503","190","9","19","14024","1872","916","13837"
"一","690","337","353","48,84%","381","309","6,96","3,62","9,75","7,27","4,62","529","595","267","14","21","22594","2906","294","17859"
"Sammyboy","689","335","354","48,62%","370","319","7,00","4,34","8,11","6,14","3,48","614","654","324","13","21","22515","5392","374","19798"
"Frank","688","347","341","50,44%","386","302","4,20","4,43","12,23","6,22","3,71","427","515","185","11","19","15238","2375","1579","13543"
"Jonassomfan","687","341","346","49,64%","268","419","5,31","5,18","10,16","4,90","2,99","435","475","190","7","19","14602","1236","524","15018"
"CHIRA JUNIOR","687","366","321","53,28%","372","315","6,72","4,28","11,94","7,66","4,36","552","678","300","9","22","26560","3207","221","20090"
"Nefrit","686","318","368","46,36%","391","295","5,68","3,59","10,29","7,53","4,45","564","645","312","10","21","20720","4389","988","19413"
"Boxi","683","346","337","50,66%","263","420","5,33","5,18","11,96","6,01","3,34","428","521","196","15","20","18089","1238","700","14300"
"Rabbit","676","382","294","56,51%","354","322","6,00","3,61","8,68","6,75","4,07","497","489","217","16","18","10522","2246","223","17391"
"BOne7","675","371","304","54,96%","318","357","5,06","4,57","9,67","5,32","3,23","408","434","163","5","17","13730","2006","250","14827"
"H4nn1","672","368","304","54,76%","326","346","5,94","3,20","8,76","7,06","4,59","439","487","165","11","17","20224","1083","453","19168"
"Benjaz","671","311","360","46,35%","320","351","5,66","3,98","10,22","6,66","3,99","499","532","227","13","19","15806","3369","960","16191"
"Cty","670","347","323","51,79%","328","342","7,54","3,84","7,64","6,37","3,96","557","572","271","15","20","15938","2393","252","19944"
"Crystallize","668","304","364","45,51%","342","326","6,64","3,56","8,97","7,38","4,39","557","592","309","11","21","21973","4432","391","19015"
"Srf","666","330","336","49,55%","334","332","4,17","4,05","11,29","6,23","3,82","408","485","174","9","19","13720","1590","985","14109"
"Munkushi~","666","334","332","50,15%","360","306","7,51","3,08","8,81","8,50","5,30","705","786","464","13","23","27330","7615","319","26557"
"Jeyo","665","359","306","53,98%","331","334","6,23","3,72","8,44","6,62","3,94","490","498","230","10","18","13620","2702","201","17495"
"YamSun","658","319","339","48,48%","324","334","6,01","3,59","7,65","6,58","3,80","624","701","358","11","21","21480","6449","272","20672"
"Nikobaby","658","328","330","49,85%","346","312","7,94","2,82","8,44","9,10","5,82","607","659","333","11","22","23368","4670","580","20301"
"Parker","645","349","296","54,11%","323","322","8,99","3,63","7,96","7,84","4,67","766","838","460","14","23","31467","9920","152","28694"
"Blizzy","644","315","329","48,91%","336","308","3,80","5,08","11,81","5,08","3,07","420","492","191","8","19","14481","1766","996","14279"
"lou","644","354","290","54,97%","334","310","5,93","3,16","7,92","7,51","4,38","694","757","433","10","22","23255","8396","133","24956"
"Op","637","362","275","56,83%","346","291","5,58","4,12","10,05","6,09","3,79","505","530","244","13","20","17328","2420","848","16379"
"Aui 2000","633","377","256","59,56%","288","345","5,12","2,97","8,19","7,10","4,49","486","476","219","11","18","13954","3056","370","17708"
"Fayde","631","316","315","50,08%","313","318","4,88","4,34","11,47","6,85","3,77","527","641","267","10","20","18799","2895","857","17617"
"Ghost","629","322","307","51,19%","267","362","7,34","3,43","8,16","7,63","4,52","670","757","400","14","23","25332","7097","347","25125"
"Bok","628","316","312","50,32%","295","333","4,31","5,38","12,06","5,30","3,04","435","497","201","10","19","16100","2119","1670","14644"
"YamateH","612","346","266","56,54%","295","317","6,83","4,01","9,01","6,40","3,95","500","509","227","16","18","15153","1988","281","18432"
"LaKelz","608","270","338","44,41%","281","327","7,18","4,02","8,15","6,07","3,81","539","535","253","17","19","13649","3004","167","17788"
"Raging Potato","606","315","291","51,98%","368","238","7,31","5,22","9,51","5,58","3,22","559","562","270","11","20","18123","2712","645","19453"
"SmAsH","598","295","303","49,33%","318","280","6,36","4,94","9,76","5,41","3,26","462","504","183","8","18","13505","2060","643","14673"
"W1sh-","596","285","311","47,82%","325","271","7,90","3,59","9,98","8,35","4,98","557","655","297","8","22","28407","2501","272","19294"
"Freeze","594","281","313","47,31%","269","325","6,96","4,03","8,96","6,41","3,95","523","549","255","12","20","19449","2529","389","17807"
"CharlieDota","594","294","300","49,49%","226","368","6,94","3,20","8,45","8,36","4,81","602","639","333","9","22","23748","6617","412","20690"
"Mellojul","592","303","289","51,18%","321","271","7,16","3,67","10,98","8,31","4,94","532","651","287","9","22","25560","1670","426","18594"
"PiPi","588","273","315","46,43%","266","322","7,35","4,10","10,53","7,70","4,36","542","658","282","9","21","24911","2304","159","19105"
"Shadow","585","337","248","57,61%","352","233","6,30","3,63","9,20","7,02","4,27","542","530","252","18","19","14722","3291","264","17570"
"Alone","577","278","299","48,18%","265","312","7,42","4,47","10,82","6,74","4,08","506","618","233","9","21","24237","2578","191","17206"
"Mannik","576","285","291","49,48%","276","300","6,60","4,23","11,78","7,26","4,35","520","650","266","7","21","26450","1612","137","18579"
"Lumière","574","283","291","49,30%","282","292","7,99","3,60","7,87","7,77","4,41","686","762","401","8","23","25958","8326","255","24671"
"Melonzz","572","295","277","51,57%","246","326","4,82","5,02","9,84","5,12","2,92","469","498","223","9","19","9743","1231","498","14756"
"Ditya Ra","571","266","305","46,58%","308","263","6,89","4,55","9,17","5,84","3,53","532","525","258","11","19","13702","3238","252","17888"
"Lin","570","301","269","52,81%","290","280","5,94","3,63","9,16","6,44","4,16","490","497","209","11","18","15477","1898","271","17007"
"Blood","564","278","286","49,29%","241","323","6,03","3,61","10,48","7,50","4,58","518","638","261","8","21","22578","1756","568","17001"
"Beyond","564","293","271","51,95%","262","302","4,58","3,94","10,85","6,91","3,92","480","568","226","10","20","16353","2230","697","15666"
"Ahjit","563","292","271","51,87%","263","300","7,53","3,17","9,02","8,31","5,22","584","583","304","16","21","18570","4298","379","19874"
"Dreamocel","559","272","287","48,66%","278","281","7,10","3,07","8,07","8,17","4,94","618","666","355","14","22","23416","6318","522","21534"
"kenny","559","261","298","46,69%","275","284","6,86","3,63","8,22","6,86","4,16","675","744","418","12","22","26716","7359","443","24890"
"HuaLian","554","281","273","50,72%","296","258","5,73","3,33","7,58","6,87","4,00","637","666","377","9","22","22437","6867","420","21970"
"Zeal","544","265","279","48,71%","267","277","3,77","4,52","11,35","5,73","3,34","505","598","260","8","20","15755","2243","1082","18186"
"payk","544","254","290","46,69%","222","322","7,67","3,13","8,70","8,84","5,23","670","760","398","11","22","26793","8216","145","25847"
"lelouch","543","270","273","49,72%","280","263","6,15","4,34","10,94","6,63","3,94","574","673","311","10","21","20065","3301","449","20001"
"White丶Album","540","282","258","52,22%","245","295","6,53","3,62","8,51","6,78","4,16","555","643","318","12","22","23400","2695","108","18841"
"Destroyer","538","277","261","51,49%","251","287","7,73","3,41","10,33","8,53","5,30","591","729","310","14","21","26622","1727","152","20293"
"Xiao8","538","338","200","62,83%","252","286","4,04","4,30","11,20","5,47","3,55","431","448","172","6","17","12175","1761","792","14749"
"destroyed","534","255","279","47,75%","270","264","4,44","4,21","11,58","6,35","3,81","473","579","238","9","20","17330","1873","955","16183"
"niu","529","285","244","53,88%","272","257","4,69","4,03","11,08","6,95","3,92","510","606","248","8","20","17823","2388","906","17442"
"ButterflyEffect","527","206","321","39,09%","274","253","6,90","3,02","8,51","8,36","5,11","583","692","316","13","21","24049","2613","117","19703"
"Young G","525","239","286","45,52%","270","255","7,02","3,20","9,90","8,13","5,28","549","656","315","12","22","24708","2780","210","19107"
"Sakata","523","256","267","48,95%","290","233","6,97","4,61","8,09","5,21","3,26","521","533","238","11","19","17765","2485","271","17376"
"Littleboy","521","268","253","51,44%","243","278","4,87","4,72","12,19","5,76","3,61","522","622","263","10","20","18108","2656","1097","17442"
"Cloud","519","282","237","54,34%","249","270","4,79","4,46","12,56","6,62","3,88","539","646","287","7","21","18713","3223","1211","19579"
"Korok","503","297","206","59,05%","262","241","7,21","3,98","7,99","6,21","3,82","471","522","186","14","18","11986","1757","142","17447"
"pma","501","254","247","50,70%","206","295","4,25","4,03","12,27","6,92","4,10","536","682","305","8","21","18575","1962","841","19537"